example,example for,for,for text,hi,hi my,is,is example,is sravan,like,like texting,my,my name,name,name is,pre,pre processing,processing,sravan,text,text pre,texting,this,this is
0.0,0.0,0.0,0.0,0.3414262179382391,0.3414262179382391,0.2596634391575384,0.0,0.3414262179382391,0.0,0.0,0.3414262179382391,0.3414262179382391,0.3414262179382391,0.3414262179382391,0.0,0.0,0.0,0.3414262179382391,0.0,0.0,0.0,0.0,0.0
0.0,0.0,0.0,0.0,0.0,0.0,0.0,0.0,0.0,0.5773502691896257,0.5773502691896257,0.0,0.0,0.0,0.0,0.0,0.0,0.0,0.0,0.0,0.0,0.5773502691896257,0.0,0.0
0.2819598745697001,0.2819598745697001,0.2819598745697001,0.2819598745697001,0.0,0.0,0.21443775225381304,0.2819598745697001,0.0,0.0,0.0,0.0,0.0,0.0,0.0,0.2819598745697001,0.2819598745697001,0.2819598745697001,0.0,0.2819598745697001,0.2819598745697001,0.0,0.2819598745697001,0.2819598745697001
